stdrYm,areaCd,unitySignguCd,spctrUncd,spctrSecd,spctrCd,spctrTelno,spctrAdres,spctrDetailAdres,spctrStscd,operMbyLclasCd,operMbySclasCd,sttemntSeccd,registDe,rceptAmt,provdAmt,undtakeAmt,trnsferAmt,userCo,위도,경도
202412,01,02000014,1,20,S00101,02-2077-3985,서울특별시 마포구 만리재로 14,한국사회복지회관 1201호,1,1,101,2,20020520,2679327870,5600000.0,0,2871599409,2,37.54389741,126.952835
202412,02,02000004,2,20,S00201,02-905-1377,서울특별시 성동구 자동차시장3길 64," (용답동, 중랑물재생센터)",1,1,101,2,20001205,642075521,24055579.39,4410000,523280013,417,37.5604667,127.0603649
202412,03,03000006,2,20,S02501,051-791-1377,부산광역시 동래구 낙민로 25, (낙민동)부산사회복지종합센터 302호,1,1,101,2,20140701,429963939,145320554.8,428016010,735978959,69,35.19777644,129.0907629
202412,03,03000001,3,20,S02601,051-464-3137,부산 중구 대청동4가,Jul-75,1,1,101,1,20020101,0,0.0,18001109,0,1,35.10713865,129.0304569
202412,03,03000002,3,20,S02701,051-253-1922,부산광역시 서구 망양로193번길 104, (동대신동1가),1,1,101,1,20020101,1373020,5081402.13,16357891,0,6,35.11117628,129.0263539
202412,03,03000003,3,20,S02801,051-633-3367,부산 동구 범일동,1542-1,1,1,102,2,20020101,37044469,46691594.78,10782572,0,181,,
202412,03,03000004,3,20,S02901,051-404-5061,부산 영도구 동삼3동,1123,1,1,101,1,20020101,8977310,26925025.34,18062303,597936,441,35.08467363,129.0686483
202412,03,03000005,3,20,S03001,051-896-2320,부산광역시 부산진구 당감서로 16, (당감동),1,1,101,1,20020101,87418373,95163086.71,7744673,0,26,35.16232437,129.0366013
202412,03,03000006,3,20,S03101,051-531-2460,부산 동래구 명장2동,508-72,1,1,101,1,20020101,26057489,22672122.82,6762166,10213624,43,35.20795102,129.1024181
202412,03,03000007,3,20,S03201,051-647-3655,부산광역시 남구 동제당로 258, (우암동),1,1,101,2,20020101,26022000,42478198.91,16456198,0,248,35.12717198,129.0749074
202412,03,03000008,3,20,S03301,051-331-4674,부산광역시 북구 덕천로 74,덕천종합사회복지관,1,1,101,2,20020701,20275131,71306691.05,77385425,0,257,35.2090145,129.0171502
202412,03,03000009,3,20,S03401,051-782-5005,부산 해운대구 재송1동,100-9,1,1,101,2,20020101,106312743,108880246.4,5400000,2832499,41,35.18463763,129.1252674
202412,03,03000010,3,20,S03501,051-265-9471,부산광역시 사하구 다송로 59," (다대동, 다대4지구도개공영구임대아파트)",1,1,101,2,20020101,73054384,80223708.3,9676174,2903375,125,35.06274483,128.9854766
202412,03,03000011,3,20,S03601,051-508-1997,부산광역시 금정구 중앙대로2349번길 3 ,(노포동) ,1,1,101,1,20100727,13445595,13445596.27,0,0,77,35.29339563,129.1000091
202412,03,03000012,3,20,S03701,051-271-0561,부산 강서구 명지동, 627-28,1,1,101,1,20020101,8273420,17564390.53,9290970,0,99,35.10014334,128.9069874
202412,03,03000013,3,20,S03801,"051-863-8360,1",부산광역시 연제구 봉수로 17,(연산동) 연제구연산종합사회복지관,1,1,101,1,20020101,8363495,18598965.38,9230970,0,34,35.17273926,129.088936
202412,03,03000014,3,20,S03901,051-755-3367,부산 수영구 망미동,774-269 부산종합사회복지관,1,1,101,1,20031030,19312220,29023188.82,9710970,0,356,35.1742365,129.101005
202412,03,03000100,3,20,S04101,051-724-3457,부산광역시 기장군 기장읍 차성로288번길 27,2층 기장지역자활센터,1,1,102,2,20030318,27784796,34675766.34,6890970,0,11,35.2432406,129.2149596
202412,04,04000004,2,20,S04201,053-474-1377,대구 남구 봉덕동,1019,1,1,101,2,19980910,83857393,1577775.6,199620463,352739834,17,35.84557295,128.5979083
202412,04,04000007,3,20,S04301,053-639-1377,대구광역시 달서구 송현로 113 ,"(송현동, 본동주공1차아파트) ",1,1,101,2,19980901,214960257,285341508.8,176623305,30551291,105,35.82712816,128.543325
202412,04,04000007,3,20,S04401,053-582-1376,대구광역시 달서구 신당로 56," (신당동, 성서주공1단지아파트)",1,1,101,2,20030601,25501825,57364613.95,15103590,0,541,35.85229857,128.4988213
202412,04,04000002,3,20,S04501,053-986-1377,대구광역시 동구 입석로 5, (입석동) 동촌종합사회복지관 동촌푸드뱅크,1,1,101,2,20100601,21749800,21572265.66,4357200,0,146,35.89351859,128.645159
202412,04,04000005,3,20,S04801,053-381-9193,대구광역시 북구 연암로 183, 산격기초푸드뱅크(산격종합사회복지관),1,1,101,1,19980901,18669800,20690895.66,3777703,0,179,35.90109672,128.5958895
202412,04,04000006,3,20,S05001,053-781-1377,대구광역시 수성구 용학로 325,"지산종합사회복지관(지산동, 지산5단지아파트)",1,1,101,1,20030401,28440220,37799111.31,9820228,0,211,35.82406904,128.6425214
202412,04,04000001,3,20,S05301,053-254-1388,대구광역시 중구 남산로7길 80,"109동 102호 (남산동, 까치아파트)",1,1,101,2,20020101,29682409,29686413.56,2287575,0,59,35.86029607,128.579235
202412,04,04000100,3,20,S05401,053-615-9191,대구 달성군 논공읍 북리,1-104,1,1,101,1,20040629,39576600,41471128.01,9578513,2287575,29,35.72965359,128.4560809
202412,05,05000008,2,20,S05501,032-891-1377,인천광역시 서구 봉수대로 806, (연희동),1,1,101,2,19980728,562991940,24268699.11,213225272,635775063,601,37.54518697,126.6650996
202412,05,05000002,3,20,S05601,032-763-1377,인천광역시 동구 만석로36번길 1,(만석동) 1층 102호,1,1,101,2,20030310,12749885,44512017.46,25769503,1032744,152,37.48165555,126.6238066
202412,05,05000005,3,20,S05701,032-469-1377,인천광역시 남동구 인주대로 854," (만수동, 식품영양복지지원센터 4층)",1,3,301,2,20010807,59989396,80253543.2,39052803,7109892,240,37.44813858,126.7321856
202412,05,05000007,3,20,S05801,032-555-1377,인천광역시 계양구 계양대로 126, (작전동) 계양구의회 건물 1층 ,1,1,103,2,20000408,56669347,88520903.1,40219281,0,246,37.53513212,126.7229252
202412,05,05000008,3,20,S05901,032-574-1377,인천광역시 서구 신석로121번길 10, (석남동) 서구노인복지관,1,3,301,2,20050205,70089823,56946273.16,34870324,53611202,153,37.51055605,126.6760578
202412,05,05000006,3,20,S06001,032-519-1377,인천광역시 부평구 후정동로 6,(삼산동) 2층,1,3,303,2,20020101,15552544,43801571.07,40315480,950398,102,37.51779678,126.7380809
202412,05,05000004,3,20,S06101,032-818-1377,인천광역시 연수구 원인재로 315," (연수동, 주공1단지, 2단지아파트) 세화종합사회복지관 2층",1,1,101,2,20020101,37440050,33259866.48,16697207,1460585,113,37.42132237,126.6908761
202412,05,05000001,3,20,S06201,032-761-1399,인천광역시 중구 홍예문로 77,(전동17-38),1,3,301,2,20020101,43959327,58967903.14,27656970,0,84,37.47641067,126.627975
202412,05,05000100,3,20,S06301,032-932-1378,인천광역시 강화군 강화읍 향나무길22번길 12,,1,1,102,2,20020101,55068744,64640015.69,20059622,0,274,37.74635613,126.4783408
202412,06,06000002,2,20,S06401,062-351-2114,광주광역시 북구 천변우로 40(임동),광주사회복지회관,1,1,101,2,20020101,159413401,0.0,167390568,315248479,1,35.16709997,126.8863399
202412,06,06000001,3,20,S06501,062-234-1377,광주광역시 동구 천변좌로 656, (용산동) 빛고을종합사회복지관,1,1,101,2,20020101,36741239,53667932.02,12444131,0,814,35.1256308,126.9295742
202412,06,06000002,3,20,S06601,062-375-1377,광주광역시 서구 운천로32번길 23,"금호종합사회복지관 (금호동, 금호빛여울채)",1,1,101,2,19980801,33245534,44627350.78,11264722,0,207,35.13715752,126.8621301
202412,06,06000003,3,20,S06701,062-673-1377,광주광역시 남구 용대로 91, (봉선동),1,1,101,2,20020101,22493800,38716314.61,15545064,0,496,35.12450941,126.9176927
202412,06,06000004,3,20,S06801,062-266-1377,광주광역시 북구 군왕로207번길 6,(각화동),1,1,101,2,20020101,10368020,31064581.97,21544065,0,237,35.17965298,126.9356495
202412,06,06000005,3,20,S06901,062-945-1377,광주광역시 광산구 우산로 17," (우산동, 우산빛여울채)",1,1,101,2,20100428,57896019,88487673.56,27610369,0,336,35.15982377,126.8041467
202412,07,07000002,2,20,S07001,042-525-1378,대전광역시 중구 보문로 246,대림빌딩 805호(대흥동),1,1,101,2,20000719,134955667,0.0,136205752,428469437,1,36.32460936,127.4228643
202412,08,08000001,2,20,S07601,052-285-1378,울산광역시 중구 염포로 85,"(남외동,동천체육관)",1,1,103,2,20000201,401039548,260366485.2,37778591,139410734,27,35.56104119,129.3504859
202412,08,08000002,3,20,S07801,052-274-1337,울산광역시 남구 산업로325번길 34,(선암동),1,1,103,2,19980901,37881755,43299868.99,9230818,0,84,35.51302035,129.3351926
202412,08,08000003,3,20,S07901,052-236-1365,울산광역시 동구 문현5길 27, (방어동),1,1,103,2,20020101,37709784,43169785.36,5460000,0,247,35.48731392,129.4116922
202412,08,08000004,3,20,S08001,052-291-1377,울산광역시 북구 산업로 1016, (연암동),1,1,103,2,20040105,24449410,35073088.5,10623677,0,459,35.58352733,129.3612692
202412,09,09240000,2,20,S08201,031-294-1377,경기도 화성시 정남면 괘랑1길 42-30,A동,1,1,101,2,19990101,389253187,0.0,296179294,689345737,1,37.18199362,126.9839608
202412,09,09260000,2,20,S08202,070-4209-9628,경기도 양주시 칠봉산로 303, (봉양동),1,1,101,2,20190513,0,0.0,79564208,55315416,1,37.86002156,127.0717767
202412,09,09240000,2,20,S08203,031-294-1377,경기도 화성시 정남면 괘랑1길 42-30,A동,1,1,101,2,20201224,0,8422720.0,100287336,70892592,2,37.18199362,126.9839608
202412,09,09010004,3,20,S08301,031-257-1378,경기도 수원시 팔달구 매산로 86, (매산로3가),1,3,301,2,19990701,58150100,69110738.79,18699949,3743175,261,37.26992788,127.0104492
202412,09,09020001,3,20,S08701,031-712-6342,경기도 성남시 분당구 미금로 246 ,"(금곡동, 청솔마을주공6단지아파트) ",1,3,301,2,20000506,50845480,59338837.71,0,0,185,37.35462403,127.1099976
202412,09,09040002,3,20,S08901,031-386-9957,경기도 안양시 동안구 평촌대로 389, (비산동) 실내빙상장 외부상가 5호,1,3,301,2,20000222,59728324,98239745.58,18344376,0,105,37.40629131,126.9487366
202412,09,09050001,3,20,S09001,032-326-1477,경기도 부천시 신흥로275번길 19, (중동),1,3,301,2,19990322,41598010,48698781.65,7082693,546331,117,37.50807581,126.7737162
202412,09,09070000,3,20,S09201,031-618-1877,경기도 평택시 원평로28번길 34,(군문동),1,4,401,2,19980102,107780273,145624886.7,31517929,41417400,86,36.98779749,127.0867576
202412,09,09100003,3,20,S09801,031-916-4071,경기 고양시 일산서구 킨텍스로 340,"(주엽동, 고양시문촌7종합사회복지관)",1,3,301,2,20020101,40667888,40922890.22,255000,0,212,37.67448889,126.7551636
202412,09,09140000,3,20,S10101,031-378-1377,경기도 오산시 오산로272번길 23, 2층(오산동),1,1,103,2,20001201,59013106,28288046.29,1441748,32166808,277,37.1512576,127.0711217
202412,09,09160000,3,20,S10301,031-397-2054,경기도 군포시 오금로 102,1층(금정동),1,1,103,2,20001010,238808935,75191871.74,13491490,185667500,99,37.3570926,126.9378256
202412,09,09170000,3,20,S10401,031-458-3027,경기도 의왕시 효행로 46, (오전동),1,1,103,2,20030217,51016632,56247212.01,20583486,500000,178,37.35160866,126.9729148
202412,09,09180000,3,20,S10501,031-793-6920,경기도 하남시 덕풍로81번길 18,"1, 2층(덕풍동)",1,1,101,2,20011101,216278371,253141087.5,79095729,28302400,2293,37.55106767,127.2036523
202412,09,09270000,3,20,S10801,031-535-1376,경기도 포천시 신북면 중앙로207번길 23,(가채리),1,3,301,2,20030718,152273962,79614767.91,10742650,15282573,535,37.90475941,127.2061844
202412,09,09240000,3,20,S11001,031-8059-1677,경기도 화성시 향남읍 행정서로3길 50,(행정리),1,3,301,2,20030107,21643272,14651998.77,0,0,141,37.13046621,126.9195183
202412,09,09280000,3,20,S11101,031-886-9101,경기도 여주시 세종로 319-1, (교동),1,1,103,2,19990101,73280570,127732222.2,29494091,1267200,1401,37.26910249,127.6383674
202412,09,09220000,3,20,S11201,031-674-9451,경기도 안성시 중앙로451번길 11,2층(봉남동),1,1,101,2,20000301,35382139,31367638.6,1800000,0,308,37.00685669,127.2768945
202412,09,09120000,3,20,S11301,031-556-8100,경기도 구리시 벌말로129번길 50, (토평동),1,3,301,2,20020101,33607118,33607119.37,11190750,0,605,37.58919687,127.14639
202412,10,10030000,2,20,S11501,033-646-0197,강원도 강릉시 구정면 구정중앙로 158-10,,1,1,101,2,20100901,62524094,0.0,264040033,332512664,1,37.71285451,128.8751881
202412,10,10010000,3,20,S11601,033-262-3494,강원 춘천시 중앙로 104-1,"3층, 춘천시사회복지협의회",1,1,101,2,20031101,13108331,21765546.92,8598353,0,324,37.87721788,127.7232287
202412,10,10020000,3,30,S11702,033-747-1347,강원도 원주시 갈머리2길 31, (학성동),1,1,101,2,20090706,123821495,120602094.2,45746733,5879053,423,37.35328244,127.9443295
202412,10,10040000,3,20,S11801,033-531-1377,강원도 동해시 선돌길 19, (단봉동),1,1,101,2,19990301,23084282,27009284.1,5014108,0,733,37.48071001,129.1244979
202412,10,10050000,3,20,S11901,033-553-8155,강원도 태백시 태백로 398-8(화전동),태백지역자활센터,1,1,101,1,20100428,9143650,10532986.0,1389336,0,108,37.2011509,128.9586858
202412,10,10060000,3,20,S12001,033-635-0758,강원 속초시 먹거리길19,주공3차 아파트 단지내,1,1,101,1,20020101,10405920,10405919.98,3212072,0,66,38.19704915,128.5750235
202412,10,10070000,3,20,S12101,033-575-0516,강원도 삼척시 원당로2길 72-6, (원당동) 3층,1,1,101,2,20021102,7400280,12514747.38,4681685,0,199,37.43741072,129.1528463
202412,10,10000100,3,20,S12201,033-433-8587,강원도 홍천군 홍천읍 너브내길 121,,1,1,101,2,20100621,3268926,14545403.62,9921966,0,339,37.6915054,127.8913565
202412,10,10000300,3,20,S12301,033-374-6411,강원도 영월군 영월읍 덕포하리4길 19-5,,1,1,104,1,20100428,1859200,6963883.58,34550820,0,371,37.17314478,128.4768173
202412,11,11010003,2,20,S12401,043-234-0840,충청북도 청주시 흥덕구 공단로 87,충북종합사회복지센터 302호,1,1,101,2,20000518,578967189,0.0,353629895,522068090,1,36.63941641,127.4390375
202412,11,11020000,3,20,S12601,043-855-3000,충청북도 충주시 주공길 7, (연수동),1,1,101,2,20020701,44979346,25831528.31,2898551,40186916,253,36.98808554,127.9364151
202412,11,11030000,3,20,S12701,043-645-5004,충청북도 제천시 내토로 390, (영천동),1,1,101,2,19980917,161375322,140405730.4,38687385,9887060,961,37.13167599,128.2011325
202412,11,11000200,3,30,S12801,043-730-2624,충청북도 옥천군 옥천읍 삼금로4길 6,1층,1,1,101,2,20040103,19171370,69553498.5,5738397,0,1981,36.30158962,127.5671552
202412,11,11000400,3,20,S12901,043-836-6040,충청북도 증평군 증평읍 창신로 85,삼보사회복지관,1,1,101,1,20020101,10880015,11768188.78,907837,0,416,36.77851945,127.5812876
202412,12,12000500,2,20,S13001,041-634-0875,충청남도 홍성군 홍북읍 상하천로 50,충남보훈회관 1층,1,1,101,2,20090101,119034000,0.0,388817755,497784572,1,36.65496427,126.6773892
202412,12,12030000,3,20,S13201,041-936-8501,충청남도 보령시 주공로 50," (명천동, 명천주공2차아파트)",1,1,104,1,20100616,11361000,25499586.0,7110106,0,233,36.3425129,126.6034655
202412,12,12050000,3,20,S13301,041-667-2303,충청남도 서산시 서해로 3456, (석림동) 서산석림사회복지관,1,3,301,2,20040117,62724564,55709651.38,2863774,4976120,1257,36.77245014,126.4617003
202412,12,12040000,3,20,S13401,041-534-1377,충청남도 아산시 염치읍 송곡안길 2-23,1층,1,3,301,2,20010501,176716262,269679236.1,115751622,56614750,1304,36.80810494,127.0167707
202412,12,12060000,3,20,S13501,041-736-1004,충청남도 논산시 생뫼길 14(강산동),.,1,4,402,2,20040913,92086614,229766212.3,94270510,24000000,371,36.18800352,127.0904125
202412,12,12000100,3,20,S13801,041-752-7942,충청남도 금산군 일흔이재로 112( 내부리),112,1,3,301,2,20100504,2868710,39046978.9,32829642,0,1365,36.13767355,127.5036769
202412,12,12000700,3,20,S14001,041-675-1379,충청남도 태안군 태안읍 시장5길 20,1층,1,3,301,2,20020401,20314610,33216129.65,12870368,0,142,36.75127238,126.2993239
202412,13,13010002,2,20,S14201,063-224-1861,전북특별자치도 전주시 덕진구 전주천동로 483,3층 전북특별자치도사회복지협의회,1,1,101,2,20000101,320671554,0.0,124744773,501236291,1,35.83601861,127.1294924
202412,13,13010001,3,20,S14301,063-225-4215,전라북도 전주시 완산구 소대배기로 18-34," (평화동2가, 원광빌라)",1,1,101,2,20070605,179994628,216066794.7,86158386,43397740,237,35.78647907,127.1312329
202412,13,13020000,3,20,S14401,063-461-6555,전라북도 군산시 칠성로 59,,1,1,101,2,20020101,95166796,159872919.2,79696663,14990539,449,35.96003852,126.6781706
202412,13,13040000,3,20,S14601,063-533-1916,전라북도 정읍시 수성2로 13-18, (수성동),1,1,101,2,20020101,13073595,11965873.47,18835759,5244512,204,35.58324029,126.8541375
202412,13,13050000,3,20,S14701,063-632-5252,전라북도 남원시 노송로 1255-9,"(노암동, 주공아파트) 남원사회복지관 본관",1,1,101,1,20020101,8264352,18542940.74,23148588,0,293,35.39624946,127.3768504
202412,13,13060000,3,20,S14801,063-543-1377,전라북도 김제시 금성로 93, (신풍동),1,1,101,2,19980928,8597620,32433561.61,6629665,0,839,35.79970758,126.9004396
202412,13,13000700,3,20,S15001,063-561-2350,전라북도 고창군 모양성로 116-13 고창행복원,(석교리),1,1,101,1,20020101,0,12306578.56,17998203,0,19,35.44209099,126.7002005
202412,14,14001100,2,20,S15101,061-283-8478,전라남도 무안군 삼향읍 오룡3길 22,1층 전남사회복지협의회,1,1,101,2,20090201,78784302,0.0,346652619,439537281,1,34.81695225,126.457887
202412,14,14010000,3,20,S15201,061-242-8980,전라남도 목포시 해안로173번길 34, (경동1가),1,1,101,1,20100110,7407048,25452758.77,13425871,0,167,34.78522209,126.3824719
202412,14,14020000,3,20,S15301,061-652-2010,전라남도 여수시 여문2로 11-10 ,(문수동),1,1,101,2,19980916,24019810,29970179.61,5950365,0,329,34.74965061,127.6928081
202412,14,14020000,3,20,S15401,061-682-1477,전라남도 여수시 학동서4길 58-20 ,(학동) ,1,1,101,1,19990827,23342282,22299926.94,0,4000000,240,34.76344531,127.6586665
202412,14,14030000,3,20,S15501,061-741-3062,전라남도 순천시 저전길 84, (인제동),1,1,101,2,19980803,60999809,60999791.01,0,0,102,34.94634645,127.4846993
202412,14,14040000,3,20,S15601,061-334-7727,전라남도 나주시 가마태길 38," (용산동, 용산주공아파트)",1,1,101,2,20020101,27363380,34400744.34,16152071,0,247,34.99439022,126.7207129
202412,14,14050000,3,20,S15701,061-762-9894,전라남도 광양시 광양읍 인덕로 977,2층 1호,1,1,103,2,20030404,29181329,31152336.23,1971000,0,256,34.96960649,127.581254
202412,14,14000200,3,20,S15901,061-363-2171,전남 곡성군 곡성읍 읍내19길,8,0,3,301,2,20020101,0,97680000.0,0,0,14,35.2831672,127.2954193
202412,14,14000400,3,20,S16101,061-832-2500,전라남도 고흥군 고흥읍 신계학림길 39,1층,1,1,101,1,20020101,3516600,22383095.41,18866496,0,215,34.61378023,127.2879512
202412,14,14000500,3,20,S16201,061-852-9845,전라남도 보성군 보성읍 동인길 18-6,,1,1,102,1,20030101,7956600,33394685.9,23930086,0,408,34.77046892,127.0833605
202412,14,14000600,3,20,S16301,061-371-1377,전남 화순군 춘양면 학포로 1303-1,소향원,1,1,101,1,20020101,4929733,6174945.57,15876096,0,55,34.94307095,126.9748156
202412,14,14000800,3,20,S16501,061-434-7002,전라남도 강진군 군동면 백금포길 7,강진군지역자활센터,1,1,101,1,20100102,1315800,3680294.06,17644642,0,198,34.64200242,126.7847461
202412,14,14001000,3,20,S16701,061-471-9933,전라남도 영암군 영암읍 새동네길 22-1,,1,1,101,1,20100601,2043900,9724414.4,0,0,463,34.79637721,126.6907062
202412,14,14001100,3,20,S16801,061-283-1888,전라남도 무안군 일로읍 삼일로 493,삼일로 493,1,1,105,2,20080401,10149530,49276960.98,40379929,0,403,34.85094891,126.4900969
202412,14,14001200,3,20,S16901,061-324-2331,전라남도 함평군 함평읍 함장로 1071,,1,1,103,2,20090324,5024500,74587053.73,70266984,599999,837,35.05585827,126.5137172
202412,14,14001300,3,20,S17001,061-353-9740,전라남도 영광군 영광읍 천년로 1351-14,,1,1,101,2,19990927,26631100,119924186.1,46510982,26901984,184,35.26792734,126.494264
202412,14,14001400,3,20,S17101,061-394-5909,전라남도 장성군 장성읍 청운11길 3, (장성 사랑의 집),0,1,103,2,20020101,0,38719882.87,0,0,141,35.30366804,126.7821651
202412,14,14001600,3,20,S17301,061-544-2210,전라남도 진도군 진도읍 교동4길 25,,1,4,401,2,20020101,99100,28124548.7,55930281,0,1543,34.48420525,126.2587768
202412,15,15040000,2,20,S17501,054-843-8550,경상북도 안동시 광명로 159,3층 302호 (옥동),1,1,101,2,20000529,311492158,37349582.26,243013034,567966413,16,36.56210986,128.7006959
202412,15,15020000,3,20,S17601,054-771-8107,경북 경주시 용강동,1283번지 (경주시종합사회복지관내),1,1,102,1,20000701,17420200,17625524.66,205320,0,38,35.86429992,129.2231746
202412,15,15050000,3,20,S17801,054-458-0230,경상북도 구미시 문장로 110(도량동),금오종합사회복지관,1,1,101,2,20041001,33193524,37915947.56,2350965,0,182,36.14345923,128.3327394
202412,15,15050000,3,30,S17802,054-443-1377,경상북도 구미시 문장로 110, (도량동),1,1,101,1,20090708,16469510,15599784.64,326296,0,246,36.14345923,128.3327394
202412,15,15030000,3,20,S17901,054-439-2191,경상북도 김천시 모암길 3, (용두동),1,4,403,2,20080319,9823110,27268106.71,49979607,1069845,593,36.12107171,128.1274308
202412,15,15090000,3,20,S18001,054-555-2800,경북 문경시 모전동,859-3                           (※ 2012.7.1 운영주체 변경 ,1,3,302,1,20020101,6003448,20288870.62,14655021,0,81,36.59090545,128.1872546
202412,15,15080000,3,20,S18101,054-532-5688,경상북도 상주시 냉림1길 43-18, (냉림동) 상주시종합사회복지관,1,1,101,1,20030113,21004878,35249217.97,12373054,0,83,36.42228898,128.1632602
202412,15,15000800,3,20,S18201,054-932-3551,경상북도 성주군 수륜면 성주가야산로 616,실로암육아원,1,1,101,1,20020101,0,52837555.08,39422453,0,37,35.81817754,128.172437
202412,15,15040000,3,20,S18301,054-858-1361,경상북도 안동시 복주5길 23-17, (옥동),1,1,101,1,19980201,9781289,35514340.35,25217203,0,339,36.56536057,128.6978292
202412,15,15060000,3,20,S18501,054-639-0500,경상북도 영주시 대학로 130-1, (가흥동),1,1,101,1,20100715,7898900,9212988.99,2407760,0,150,36.80902701,128.6109734
202412,15,15070000,3,20,S18601,054-335-3633,경북 영천시 작산동,130,1,1,101,1,19980901,2699134,29830589.32,45549471,0,18,35.94068592,128.9489117
202412,15,15001200,3,20,S18701,054-788-2111,경북 울진군 후포면 삼율리,188-3,1,1,101,1,20100712,240000,10884178.2,9068807,0,199,36.68783672,129.4277655
202412,15,15000200,3,20,S18801,054-834-2900,경북 의성군 의성읍 후죽3리,136-1,1,1,101,1,19980101,0,47980832.7,54318487,0,40,36.37225804,128.7050921
202412,15,15000600,3,20,S18901,054-373-7575,경상북도 청도군 화양읍 청화로 79-15,,1,1,101,1,20000720,276000,4041417.42,3765417,0,123,35.64866689,128.7377282
202412,15,15000900,3,20,S19001,054-979-5129,경상북도 칠곡군 왜관읍 관문로1길 32,,1,3,302,1,20030303,9452300,12361487.59,963455,0,31,35.99188421,128.4181478
202412,16,16010004,2,20,S19201,070-4266-1202,경상남도 김해시 칠산로 128,(신문동) 경상남도광역기부식품등지원센터,1,1,101,2,20030101,682213564,0.0,145144871,460133380,1,35.18384795,128.8363814
202412,16,16010004,3,20,S19301,055-231-8018,경상남도 창원시 마산회원구 내서읍 상곡로 49,내서종합사회복지관,1,1,101,2,20000701,33064070,54802730.81,21358742,0,60,35.24365479,128.5000383
202412,16,16020000,3,20,S19401,055-747-1377,경상남도 진주시 서장대로 281, (이현동),1,1,101,2,20020101,29997930,37326744.2,11760426,11712669,143,35.1923049,128.0639047
202412,16,16010005,3,20,S19501,055-540-0114,경상남도 창원시 진해구 진해대로 1101(풍호동 진해구청),창원시진해종합사회복지관,1,1,102,2,19980701,17272580,68195003.87,47365049,0,192,35.13147093,128.7102355
202412,16,16030000,3,20,S19601,055-646-1377,경남 통영시 무전동 ,984번지 국제상가아파트27호,1,1,102,2,20090301,8936070,13635177.38,9244844,4265359,76,34.85896359,128.4290463
202412,16,16040000,3,20,S19701,055-831-5794,경상남도 사천시 임내길 30," (죽림동, 신우심포니타운) 101동 1301호",1,1,103,1,20000529,5825400,23241896.73,20142499,0,1095,34.96913338,128.0640974
202412,16,16050000,3,20,S19801,010-3137-0820,경남 김해시 부원동,27번지,1,1,101,2,20020101,9504936,40807414.33,31302484,0,138,35.22872805,128.8865592
202412,16,16060000,3,20,S19901,055-350-1012,경상남도 밀양시 중앙로 218,  (삼문동) 밀양시종합사회복지관 지하1층,1,1,101,2,20100729,6916838,22327314.32,15410477,0,307,35.48368653,128.7589507
202412,16,16070000,3,20,S20001,055-632-0400,경상남도 거제시 고현로2길 42 ,(고현동),1,3,302,2,20071029,16683550,22969745.47,6286193,0,486,34.88242189,128.6228796
202412,16,16080000,3,20,S20101,055-365-9544,경남 양산시 물금읍 범어리,501번지,1,1,102,2,20080128,39131142,57384009.13,18011208,0,280,35.33221748,129.0109607
202412,16,16000200,3,20,S20301,055-580-2495,경상남도 함안군 가야읍 말산로 1,,1,3,302,1,19990102,1791474,1791474.13,6030000,0,100,35.2724904,128.4065383
202412,16,16000300,3,20,S20401,055-532-0624,경상남도 창녕군 창녕읍 조산서재골로 ,7,1,1,103,1,20140107,6623360,39963883.16,32856023,0,1268,35.53720854,128.4901597
202412,16,16000400,3,20,S20501,055-674-6628,경상남도 고성군 고성읍 죽계1길 95-1,,1,3,301,2,20020801,3708360,33999959.78,28961242,0,2273,34.98628108,128.3322449
202412,16,16000500,3,20,S20601,055-860-3886,경남 남해군 남해읍 아산리,355 종합사회복지관 내 1층 자원봉사센터,1,3,302,1,20020101,126000,13367780.0,13549920,0,95,34.83831254,127.8783077
202412,16,16000600,3,20,S20701,055-884-6955,경남 하동군 하동읍,청년회관길 13,1,1,102,1,20010401,13860200,40998720.0,38023520,0,602,35.07212725,127.7452608
202412,16,16000800,3,20,S20901,055-962-2071,경상남도 함양군 함양읍 월명길 12,,1,3,301,1,20020101,523110,5377109.75,4854000,0,195,35.52026631,127.7790926
202412,16,16001000,3,20,S21101,055-931-2370,경상남도 합천군 합천읍 중앙로 33-2,,1,1,101,1,19980915,0,5409120.0,6409459,0,15,35.56387907,128.1579784
202412,17,17010000,2,20,S21201,064-759-1377,제주특별자치도 제주시 청풍남8길 12-1, (화북일동) 제주특별자치도사회복지협의회,1,1,101,2,20040212,113313933,0.0,42202904,179813846,1,33.51816468,126.5703113
202412,09,09090002,3,20,S24701,031-487-1377,경기도 안산시 단원구 예술1길 6, (고잔동),1,4,402,2,19980701,13404828,13627312.42,8844666,0,121,37.33000979,126.8369119
202412,15,15100000,3,20,S25301,053-802-1377,경상북도 경산시 경청로222길 79 ,경산시노인종합복지관 (백천동),1,1,101,2,20010627,70087500,163611429.4,79528720,1806990,56,35.80180223,128.7478001
202412,13,13000200,3,20,S25601,063-432-9005,전북특별자치도 진안군 진안읍 거북바위로1길 9,,1,1,104,1,20020321,16226000,16226000.0,0,0,92,35.7718255,127.3739725
202412,11,11000600,3,20,S25701,043-834-1377,충청북도 괴산군 괴산읍 임꺽정로 104,1층,1,1,101,2,20010831,16883195,51825508.55,21426473,19228889,101,36.81491827,127.7855567
202412,10,10000500,3,20,S25901,033-592-4115,강원특별자치도 정선군 남면 별어곡1길 23-6,,1,1,101,1,20020308,0,0.0,21248262,0,1,37.26823991,128.7379985
202412,10,10000800,3,20,S26001,033-482-1377,강원도 양구군 양구읍 양구새싹로 7-11 ,,1,1,101,1,20100428,4908600,15914073.46,10009997,0,341,38.10247015,127.9864632
202412,16,16010001,3,20,S26101,055-253-1377,경상남도 창원시 의창구 태복산로31번길 16, (도계동),1,1,102,2,20071001,61834894,58046774.28,19121510,14540811,106,35.25534794,128.6407935
202412,10,10000400,3,20,S26401,033-334-0117,강원 평창군 평창읍 ,종부로 61 2층 평창군사회복지협의회,1,1,101,1,20020505,0,12546096.76,23766919,0,623,37.36771515,128.400549
202412,10,10000600,3,20,S26501,033-458-2998,강원 철원군 동송읍 이평로,Jan-80,1,4,402,1,20100428,1262692,5264834.49,2664593,0,153,38.20901655,127.2154565
202412,09,09210000,3,20,S26701,031-634-1377,경기도 이천시 부발읍 신원로 18,만옥빌딩 3층(신원리),1,4,401,2,20010201,114885016,32463690.09,13045534,13073758,362,37.2919123,127.5059336
202412,11,11000100,3,20,S26801,043-544-1377,충청북도 보은군 보은읍 보청대로 1907,,1,1,101,2,20020101,1560000,14024194.18,6639598,0,314,36.48815542,127.7158931
202412,10,10030000,3,20,S27601,033-643-1377,강원도 강릉시 종합운동장길 69,B110호 (교동),1,1,101,2,20100609,31124642,39549387.26,14113123,0,486,37.77367947,128.8984181
202412,11,11010001,3,20,S27701,043-267-1377,충북 청주시 흥덕구 운천동,1486,1,1,101,1,20020819,2876543,2876544.42,0,0,468,36.64847614,127.4751865
202412,09,09200000,3,20,S28101,031-949-1377,경기도 파주시 파주읍 봉서산로 138,(봉서리),1,4,402,2,20020923,105253596,106034285.9,16273833,0,330,37.8379362,126.7948984
202412,02,02000013,3,20,S28201,304-1376,서울 서대문구 연희동,133-1,1,1,101,2,20021101,191483515,178661452.4,13246571,19549500,40,37.57391001,126.9352308
202412,13,13000400,3,20,S28301,063-351-7072,전라북도 장수군 장수읍 시장로 27-9, (더조은빌라),1,1,101,1,20021224,3711900,5469278.7,1757378,0,20,35.64920209,127.5156325
202412,13,13000600,3,20,S28601,063-653-9120,전라북도 순창군 순창읍 장류로 407-30,순창군사회복지협의회,1,1,101,2,20021223,602300,1109682.88,13300252,0,7,35.37678732,127.1496663
202412,09,09260000,3,20,S28801,031-837-1377,경기도 양주시 광적면 가래비길 93,(가납리),1,4,401,2,20021127,65434607,73849668.24,20161880,10187181,512,37.82459293,126.9836295
202412,09,09080000,3,20,S29101,031-865-4577,경기도 동두천시 광암로6번길 2, (광암동),1,4,401,2,20030416,73680529,115729928.5,21163900,0,339,37.89447513,127.0828222
202412,05,05000008,3,20,S29201,032-564-1377,인천광역시 서구 심곡로124번길 10, (심곡동),1,1,101,2,20030317,42703710,70381232.25,32156939,5357708,132,37.54415409,126.6826937
202412,05,05000003,3,20,S29301,032-861-1377,인천광역시 미추홀구 장고개로42번길 30,1층  (도화동),1,1,101,2,20030403,13142224,27760737.2,32901281,6734736,141,37.47056884,126.6686374
202412,10,10000200,3,20,S29401,033-342-1104,강원특별자치도 횡성군 횡성읍 어수로 46,,1,1,101,2,20100428,7513347,26349750.86,16982759,0,293,37.49504598,127.9830639
202412,10,10000900,3,20,S29501,033-463-1377,강원도 인제군 인제읍 비봉로 48,농특산물판매장 2층 인제군사회복지협의회,1,1,101,2,20100428,5325936,9478777.97,4152840,0,139,38.06528174,128.174481
202412,10,10000700,3,20,S29701,033-442-1992,강원도 화천군 하남면 춘화로 3341,2층 화천군사회복지협의회,1,1,101,1,20100428,1515000,20725264.86,19210262,0,760,38.09820057,127.7045347
202412,10,10001100,3,20,S29801,033-673-4848,강원도 양양군 강현면 일출로 42,양양지역자활센터,1,1,101,1,20101202,22283863,38020297.73,13972719,0,160,38.11607964,128.6314341
202412,11,11000700,3,20,S29901,043-873-1377,충청북도 음성군 음성읍 중앙로40번길 9-1,"201, 202호",1,1,101,2,20030804,38493719,52399267.77,20368977,73416030,969,36.92824618,127.6901784
202412,13,13000100,3,20,S30001,063-232-1377,전라북도 완주군 삼례읍 별산농원길 20,,1,1,103,1,20031001,7845200,11704537.24,0,0,150,35.92066043,127.0918742
202412,12,12010000,3,20,S30201,041-554-3572,충청남도 천안시 동남구 태조산길 13-31 ,(원성동),1,4,402,2,20040107,65381625,110429623.9,29781277,13480252,557,36.81276169,127.1668657
202412,11,11000500,3,20,S30301,043-533-1377,충청북도 진천군 진천읍 상산로 42,진천군기초푸드뱅크,1,4,401,2,20040323,146475546,179757982.5,44776088,0,721,36.85411213,127.4384549
202412,08,08000002,3,20,S30401,052-257-1377,울산광역시 남구 봉월로50번길 45(신정동),울산광역시나눔푸드마켓,1,1,103,1,20040402,4970024,4970024.4,0,0,33,35.53825166,129.3105658
202412,08,08000002,3,30,S30402,052-252-1377,울산광역시 남구 봉월로50번길 45(신정동),울산광역시나눔푸드마켓,1,4,402,1,20090708,5562640,24769212.59,15277290,0,243,35.53825166,129.3105658
202412,09,09150000,3,30,S30501,031-434-1379,경기도 시흥시 오동마을로45번길 7,(정왕동),1,1,103,2,20040510,168596373,149479998.4,34148746,42033701,1222,37.35234095,126.7468106
202412,06,06000004,3,20,S30701,062-574-1377,광주광역시 북구 서하로194번길 6 ,"(오치동, 오치 영구임대아파트)",1,1,101,2,20041025,29763785,41679767.37,9384088,0,224,35.1854401,126.9009772
202412,06,06000004,3,20,S30801,062-266-8185,광주광역시 북구 삼정로 7,두암종합사회복지관 2층,1,1,101,2,20041018,33881000,43810516.8,14117761,0,169,35.16528991,126.9345857
202412,09,09200000,3,20,S30901,031-945-3054,경기도 파주시 교하로 914,아이리스 빌딩 301호(문발동),1,3,301,2,20040802,68864470,54521888.41,9112258,11495892,914,37.72777972,126.7058865
202412,02,02000015,3,30,S31001,02-2062-1377,서울특별시 양천구 중앙로 250, (신정동) 양천나눔누리센터 1층,1,4,401,2,20041208,261260570,266543272.0,31323908,0,2282,37.51888512,126.8537505
202412,06,06000002,3,20,S31101,062-384-1377,광주광역시 서구 쌍학로 47,"(쌍촌동, 영구임대아파트)",1,1,101,2,20050217,28738296,51515692.46,26672630,0,619,35.14738208,126.8688313
202412,17,17010000,3,20,S31201,064-796-9097,제주특별자치도 제주시 한림읍 한림상로 207-9,,1,1,101,2,20050301,75809871,86797622.86,27954531,0,273,33.41639223,126.2674541
202412,11,11000300,3,20,S31401,043-744-4949,충북 영동군 영동읍 설계리,740-1 영동군사회복지협의회(내),1,1,101,2,20050127,7301200,43504236.02,24676666,0,1496,36.194235,127.7910837
202412,15,15010002,3,20,S31501,054-244-1377,경상북도 포항시 북구 삼흥로35번길 1-4 ,(장성동),1,4,401,1,20050311,3488800,12945371.51,9418000,0,466,36.0651923,129.3783195
202412,10,10001000,3,20,S31601,033-681-1376,강원도 고성군 거진읍 태봉2길 24,,1,4,401,2,20050125,0,355013.0,289932,0,11,38.45016432,128.452564
202412,09,09250000,3,20,S31801,031-766-1377,경기도 광주시 고불로 40-11, (중대동),1,4,402,2,20050516,124703292,232051979.2,109218850,26312140,346,37.39436189,127.2327484
202412,15,15010001,3,20,S31901,054-293-1378,경상북도 포항시 남구 오천읍 해병로347번길 34,1층 경동푸드뱅크,1,4,401,2,20050531,32251622,38740883.08,3765417,0,576,35.96332684,129.413521
202412,11,11010004,3,20,S32001,043-218-1377,충청북도 청주시 청원구 내수읍 내수로 737,,1,4,401,2,20050705,24490900,49818047.86,29730927,0,288,36.72726637,127.5367638
202412,15,15010002,3,20,S32201,054-261-7525,경상북도 포항시 북구 흥해읍 한동로 43,,1,1,104,1,20050930,9725337,6080397.56,4728872,0,148,36.11078699,129.3462997
202412,15,15010002,3,20,S32301,054-255-1377,경상북도 포항시 북구 중앙로298번길 3-1, (상원동),1,3,301,2,20051114,56639783,152464303.9,79823580,0,143,36.03947711,129.3667003
202412,09,09010001,3,20,S32401,031-271-1377,경기도 수원시 장안구 장안로63번길 8 ,(영화동),1,4,402,2,20051229,25414034,66974262.86,41560220,1512640,257,37.29012457,127.0030812
202412,02,02000025,3,30,S32501,02-427-1377,서울특별시 강동구 동남로 926, (고덕동),1,1,101,2,20060308,45580884,61684585.81,14439945,9164560,549,37.5563893,127.1569353
202412,02,02000013,3,30,S32601,02-392-1377,서울특별시 서대문구 독립문로 50,(냉천동),1,3,301,2,20100224,87461933,98026343.23,33804426,2388483,1585,37.56793047,126.9624762
202412,02,02000019,3,30,S32701,02-2671-1377,서울특별시 영등포구 선유동1로 80, (당산동3가) 영등포구청별관  ,1,1,101,2,20051229,280325217,177310789.0,16049722,83693280,1261,37.5286199,126.89449
202412,02,02000007,3,30,S32801,02-493-1582,서울특별시 중랑구 봉화산로56길 22, (신내동),1,1,103,2,20051222,153328455,117586853.0,40626672,0,1396,37.60752169,127.0993794
202412,02,02000001,3,30,S32901,02-2148-4102,서울 종로구 숭인1동 ,55-2 숭인1동주민센터 4층,1,1,102,2,20051229,180594341,204681496.6,21874633,0,691,37.57780102,127.0156407
202412,02,02000011,3,30,S33101,02-975-1277,서울특별시 노원구 동일로 1229 노원구민회관(중계동), B1층,1,1,102,2,20051229,106905853,181237791.4,76449476,3695650,2229,37.6389605,127.0663451
202412,11,11000500,3,20,S33301,043-536-0129,충청북도 진천군 진천읍 진광로 72-1 ,(우주동백1차아파트),1,4,402,1,20060307,126364,21081463.81,24095245,0,147,36.87093568,127.4425651
202412,02,02000003,3,30,S33501,02-703-0129,서울특별시 용산구 한강대로 345 ,용산구 푸드뱅크마켓센터  (구 갈월파출소),1,1,103,2,20060424,183969673,179709617.6,14228595,1862500,527,37.54902429,126.9714605
202412,09,09230000,3,20,S33801,031-996-1377,경기도 김포시 양촌읍 김포한강4로278번길 103-59,,1,1,103,2,20060324,236766345,43659375.47,10883800,9120758,274,37.65804303,126.6506266
202412,11,11010001,3,20,S33901,043-254-1377,충청북도 청주시 상당구 쇠내로145번길 15," A동 2층 202호(금천동, 금천뉴타운아파트상가) ",1,1,104,2,20100101,26389684,41830321.84,16382337,0,273,36.6215127,127.5084891
202412,02,02000005,3,30,S34101,02-499-1377,서울 광진구 화양동,132-68,1,1,101,2,20070320,67814387,69150092.22,15940967,20258278,558,37.54647626,127.0713676
202412,07,07000004,3,20,S34201,042-822-7986,대전광역시 유성구 노은동로 33, (노은동) 노은농수산물도매시장 3문 경사로 옆,1,1,101,2,20070329,69421619,89455263.89,31087233,21808849,182,36.36586304,127.3189764
202412,20,20010000,3,20,S34301,044-868-1311,세종특별자치시 조치원읍 터미널안길 60,6-2호,1,1,101,2,20070801,59235414,95480273.48,24670669,0,356,36.60153996,127.3031828
202412,06,06000005,3,20,S34501,062-941-8209,광주광역시 광산구 송도로 143 ,"(도산동, 대덕1차아파트)상가1층",1,1,103,2,20070504,35399153,63629925.21,28105868,0,102,35.12777889,126.7915112
202412,09,09280000,3,20,S34801,031-885-1138,경기도 여주시 도예로 39-11 ,(현암동),1,3,301,2,20070626,20829233,62465655.14,14638632,36340000,491,37.30799995,127.6402345
202412,06,06000004,3,20,S34901,062-512-1125,광주광역시 북구 풍동길 20,(풍향동),1,1,103,2,20070919,14853300,92245413.92,25434905,0,250,35.16605302,126.9216953
202412,12,12000400,3,20,S35001,041-944-1500,충청남도 청양군 운곡면 청신로 ,402 (위라리),1,4,402,1,20071031,351599740,20419281.64,12578172,337731190,340,36.5104326,126.8387183
202412,02,02000022,3,30,S35201,02-579-1377,서울특별시 서초구 바우뫼로 43(우면동),Jan-68,1,1,101,2,20070430,275791621,167915279.5,28301356,17277544,730,37.47174219,127.0269012
202412,02,02000018,3,30,S35401,02-3286-1377,서울특별시 금천구 탑골로 35,신축건물 1층  (시흥동),1,1,101,2,20071221,1063314707,952095737.7,83160995,3510000,797,37.45219347,126.9131721
202412,02,02000024,3,30,S35501,02-2043-1377,서울 송파구 마천동,182-2,1,4,401,2,20071114,127670717,131483982.4,31405845,0,694,37.49602585,127.1499036
202412,02,02000004,3,30,S35601,02-425-1377,서울특별시 성동구 고산자로 323, (마장동)201호,1,3,303,2,20071206,78524950,95773072.27,27792993,17575311,892,37.56855829,127.0369237
202412,02,02000009,3,30,S35701,02-991-1377,서울특별시 강북구 한천로148길 12-13,"103동 204호 (수유동, 칸타빌 수유팰리스)",1,1,101,2,20071224,287048946,104193077.8,62680268,61800000,949,37.64217922,127.0254937
202412,02,02000006,3,30,S35801,02-2246-0036,서울특별시 동대문구 천호대로2길 23-9(신설동), ,1,1,101,2,20071226,88624272,141911111.0,49866544,12648030,1252,37.57393521,127.0246243
202412,11,11010003,3,20,S35901,043-266-1377,충청북도 청주시 흥덕구 강서로71번길 20-3, (강서동),1,4,401,2,20080303,112448183,167500841.1,71385016,3413503,374,36.62273032,127.4243446
202412,09,09000300,3,20,S36001,031-775-7741,경기도 양평군 용문면 용문역길 67 ,(다문리),1,3,301,2,20080131,67444074,94313525.1,13356452,0,542,37.48050254,127.589247
202412,09,09280000,3,20,S36101,031-884-1377,경기도 여주시 가남읍 자유그린길 37,(삼군리),1,4,402,2,20071016,2679932,108805396.9,109662120,0,126,37.21242382,127.5605784
202412,09,09000100,3,20,S36201,031-833-1010,경기도 연천군 전곡읍 전곡로40번길 1,(전곡리),1,4,402,2,20080124,43428728,71516538.79,47126582,0,473,38.01726829,127.0727469
202412,12,12020000,3,20,S36301,041-857-6004,충청남도 공주시 신기동길 48-8, (신기동),1,3,301,2,20070509,21567041,42941535.56,20628297,0,151,36.43062182,127.1441772
202412,02,02000012,3,30,S36401,02-354-1377,서울특별시 은평구 서오릉로 134-5, (대조동),1,1,101,2,20080214,354051259,240743475.7,11469370,0,612,37.61141699,126.9177923
202412,02,02000014,3,30,S36601,02-364-1377,서울 마포구 성산동,533-1 마포농수산물시장내 1층,1,1,102,2,20100806,22710706,36172074.67,21025294,3300000,796,37.56288276,126.9092848
202412,08,08000001,3,20,S36701,052-292-1365,울산광역시 중구 화합로 366-1, (반구동),1,1,103,2,20091023,17896248,18006649.97,0,0,19,35.55876955,129.341187
202412,02,02000002,3,30,S36901,02-2297-1377,서울특별시 중구 퇴계로 460, (신당동),1,1,101,2,20080701,259116361,178934129.6,17315981,90992594,563,37.56509159,127.0227851
202412,02,02000017,3,30,S37001,02-869-1378,서울특별시 구로구 구로동로50길 10, (구로동),1,1,101,2,20080718,541169568,464966790.1,29249722,0,783,37.49925588,126.8829704
202412,09,09190002,3,20,S37201,031-283-0873,경기도 용인시 기흥구 마북로247번길 92, (마북동),1,1,103,2,20080711,92458251,197885798.1,66131165,9963813,767,37.31684658,127.1287721
202412,09,09000200,3,20,S37401,031-581-2727,경기도 가평군 가평읍 달전로 44,1층(달전리),1,4,402,2,20081014,44056863,99811207.78,69985389,22339150,245,37.81432988,127.5181823
202412,06,06000003,3,20,S37501,062-653-9313,광주광역시 남구 진다리로31번길 13, (백운동),1,1,103,1,20080925,14311000,23685760.98,6242969,0,121,35.13797781,126.9050673
202412,02,02000016,3,30,S37601,02-2635-1377,서울특별시 강서구 공항대로2가길 5, (공항동) 통합복지센터 내 1층,1,1,103,2,20081021,404282850,187756828.2,22385924,0,1411,37.56036332,126.8089482
202412,02,02000008,3,30,S37701,02-981-1377,서울특별시 성북구 아리랑로4길 22,301호,1,1,101,2,20081218,83032095,93182799.48,13321785,0,877,37.59484208,127.0172949
202412,02,02000010,3,30,S37801,02-907-1377,서울특별시 도봉구 도봉로170길 2,도봉역 다가치센터 16구역 (도봉동),1,1,101,2,20090116,112258754,79519327.01,43268605,0,960,37.68036291,127.045764
202412,02,02000021,3,30,S38001,02-872-1377,서울특별시 관악구 신림로58길 13, (신림동) 다이아몬드빌딩 501호,1,1,103,2,20090122,97078293,92630525.11,20581341,0,1112,37.48261963,126.9306338
202412,02,02000020,3,30,S38101,02-817-1377,서울 동작구 사당동 ,169-8(대림프라자 상가  206호,1,1,102,2,20081029,89115558,68259527.82,38165158,20755007,1102,37.48393267,126.9731357
202412,09,09070000,3,20,S38401,031-662-2677,경기도 평택시 탄현1로 160,", B102호(신장동)",1,1,101,2,20090116,89229052,108001535.3,27893672,22464000,113,37.07418182,127.0538997
202412,12,12000300,3,20,S38701,041-951-9444,충청남도 서천군 서천읍 서천로 10,1층,1,1,101,1,20090512,11294000,5774633.87,15701328,0,28,36.07516984,126.6983251
202412,07,07000003,3,30,S38801,042-488-1370,대전광역시 서구 계룡로219번길 17,1층 대전행복나눔무지개푸드마켓1호점 ,1,1,101,2,20090124,9700516,39625182.1,10906120,0,618,36.35227697,127.3536363
202412,07,07000001,3,30,S38901,042-633-1377,대전광역시 동구 동대전로 102-1, (대동),1,1,104,2,20090421,2233873,17024083.97,9903120,3359981,585,36.33139869,127.4444363
202412,05,05000100,3,30,S39001,032-934-0808,인천광역시 강화군 강화읍 향나무길22번길 12,,1,1,102,2,20090528,41822070,110464900.4,34957840,23031410,333,37.74635613,126.4783408
202412,16,16050000,3,30,S39101,055-328-1377,경상남도 김해시 김해대로 2232,김해시외버스터미널 4층,1,1,105,2,20090612,25554598,35402972.81,12749454,0,364,35.22933963,128.8722426
202412,11,11010001,3,30,S39201,043-222-9171,충북 청주시 상당구 서문동 ,198-3,1,1,101,1,20090615,31913312,21485664.86,7242274,0,187,36.6333508,127.4852235
202412,12,12000300,3,30,S39301,041-951-9444,충청남도 서천군 서천읍 서천로 10,1층,1,1,101,1,20090609,1013800,41186.1,0,0,16,36.07516984,126.6983251
202412,05,05000002,3,30,S39401,032-773-2377,인천 동구 송림동 ,59-12번지,1,3,301,2,20090626,10753000,97341719.88,23116874,0,521,37.47622655,126.6401504
202412,11,11030000,3,30,S39501,043-647-1377,충청북도 제천시 동명로 50, (명동),1,1,101,1,20090610,4683600,14530162.77,12671507,10737513,461,37.13406453,128.2055819
202412,05,05000007,3,30,S39601,032-551-1377,인천광역시 계양구 계양대로 126, (작전동) 계양구의회건물1층,1,1,103,2,20090629,60804733,85067048.03,27310681,3003273,545,37.53513212,126.7229252
202412,07,07000005,3,30,S39701,042-637-1377,대전광역시 대덕구 계족로608번길 15 ,(법동),1,1,101,2,20090721,9328800,24089569.72,14097324,0,638,36.36614608,127.431166
202412,16,16030000,3,30,S39801,055-646-1377,경남 통영시 무전동,984번지 내 27호(국제상가아파트 1층 27호),1,1,102,1,20090618,1734000,16070072.7,10121967,0,530,34.85896359,128.4290463
202412,16,16020000,3,30,S39901,055-747-1377,경상남도 진주시 서장대로 281, (이현동),1,1,101,1,20090622,2607600,14963493.33,11899329,6022354,377,35.1923049,128.0639047
202412,03,03000006,3,30,S40001,051-506-1377,부산광역시 동래구 석사북로 59-1(온천동),1층,1,1,101,2,20090626,92976911,134835179.8,71776002,0,468,35.20325451,129.063897
202412,03,03000008,3,30,S40101,051-335-8377,부산광역시 북구 의성로115번길 11,(덕천동) 북구행복나눔푸드마켓,1,1,101,2,20090623,31063579,32671438.04,36617201,32422711,525,35.21055089,129.0116225
202412,03,03000009,3,30,S40201,051-781-1373,부산광역시 해운대구 재반로 79(재송동),2층 푸드마켓,1,1,101,2,20090615,73001771,42281503.27,6092499,0,707,35.1854702,129.1256317
202412,03,03000002,3,30,S40301,051-243-1367,부산광역시 서구 대영로85번길 42, (동대신동2가),1,1,101,2,20090622,14695990,28565983.09,21297976,30595013,17,35.11279637,129.0196955
202412,15,15100000,3,30,S40401,053-802-1377,경상북도 경산시 경청로219길 3-2,(백천동) 경산푸드마켓,1,1,101,2,20090625,14152660,1283300.0,35095620,20283785,380,35.80297756,128.737509
202412,15,15010002,3,30,S40701,054-231-1377,경상북도 포항시 북구 장량로61번길 5-1,(장성동),1,1,101,2,20090626,14605500,13162693.57,139636,0,414,36.08292108,129.3869
202412,13,13030000,3,30,S40801,063-854-1377,전북특별자치도 익산시 중앙로7길 2-9, (갈산동),1,1,101,2,20090617,114464463,80031873.89,7009164,30086373,1248,35.93896713,126.9527896
202412,13,13000300,3,30,S40901,063-322-1370,전라북도 무주군 무주읍 한풍루로 294,,1,1,101,2,20090617,10301807,39970920.95,32727359,3518234,655,36.00291595,127.6586158
202412,13,13010001,3,30,S41001,063-286-1377,전라북도 전주시 완산구 장승배기로 245,(평화동1가),1,1,101,2,20090625,8972226,75782149.75,35408159,3708000,708,35.79814407,127.1390653
202412,12,12010000,3,30,S41201,041-573-1377,충청남도 천안시 동남구 원성1길 24, (원성동),1,1,101,2,20090629,45223826,52379548.11,41880089,0,505,36.80852171,127.1593055
202412,17,17010000,3,30,S41301,064-758-1377,제주특별자치도 제주시 동광로 85, (일도이동),1,1,101,2,20090617,71197078,108916245.1,106160496,0,1815,33.50502852,126.5370869
202412,07,07000002,3,20,S41501,042-242-2700,대전광역시 중구 문창로 39, (부사동),1,3,301,1,20090619,1474200,43125957.4,41651757,0,28,36.31698742,127.4346121
202412,16,16010001,3,30,S41601,055-283-1377,경상남도 창원시 의창구 도계로 102," (도계동, 대남상가아파트) 대남상가 1층",1,1,102,2,20090622,9703819,24096539.34,18742925,3220860,432,35.25592522,128.6403112
202412,09,09060000,3,30,S41701,02-2688-1377,경기도 광명시 광삼로 9, 1층 (광명동),1,4,401,2,20090612,102847579,111988959.0,34602497,0,639,37.47817639,126.8601186
202412,09,09050001,3,30,S41801,032-324-1688,경기도 부천시 신흥로275번길 19, (중동),1,3,301,2,20090630,77033555,59126071.13,11662570,5164392,369,37.50807581,126.7737162
202412,09,09020002,3,30,S41901,031-756-1378,경기도 성남시 분당구 탄천로 215,탄천종합운동장내 체육회관 지하2층 상점17호(야탑동),1,1,103,2,20090626,78791098,143325783.7,70427157,40330915,543,37.41179093,127.120513
202412,09,09010003,3,30,S42001,031-238-1378,경기도 수원시 팔달구 매산로 86,1층 (매산로3가),1,3,301,2,20090721,69893126,19282671.67,9332985,20081110,461,37.26992788,127.0104492
202412,09,09030000,3,30,S42201,031-855-1377,경기도 의정부시 용민로92번길 12, (용현동),1,3,301,2,20090701,69448337,86046874.39,24659587,7400200,693,37.73752013,127.088044
202412,09,09200000,3,30,S42301,031-949-2215,경기도 파주시 교하로 914 ,(문발동)아이리스빌딩107호,1,3,301,2,20090629,62775333,15474553.96,5456810,23685058,437,37.72777972,126.7058865
202412,09,09070000,3,30,S42401,031-618-1877,경기도 평택시 원평로28번길 34,(군문동),1,4,401,2,20090622,63403685,20589383.95,26968230,42444844,205,36.98779749,127.0867576
202412,04,04000007,3,30,S42501,053-636-1377,대구 달서구 송현2동 ,977-2번지,1,1,101,2,20090810,31067610,33807361.12,78273795,130051228,617,35.83278706,128.5455827
202412,04,04000001,3,30,S42601,053-256-1377,대구 중구 남산4동 ,남산로 29-1,1,1,101,1,20090619,0,9592397.01,15640245,0,403,35.8582318,128.5805038
202412,06,06000002,3,30,S42701,062-374-1377,광주광역시 서구 염화로 119(화정동),행복나눔푸드마켓서구점,1,1,101,1,20090701,6000300,12276502.88,10985955,3360000,206,35.14309137,126.8775685
202412,06,06000004,3,30,S42801,062-264-1377,광주광역시 북구 서하로 232(오치동),969-1,1,1,101,1,20090709,14599570,14504194.51,5841504,47423,275,35.18702291,126.9058704
202412,09,09240000,3,30,S42901,031-8059-1677,경기도 화성시 향남읍 행정서로3길 50,(행정리),1,3,301,1,20120613,11207501,11636090.46,4271159,0,216,37.13046621,126.9195183
202412,14,14001100,3,30,S43001,061-283-1477,전라남도 무안군 삼향읍 오룡3길 22,"1층(전라남도회관), 전라남도사회복지협의회",1,1,101,2,20090901,62169288,56015626.39,85053920,116710136,481,34.81695225,126.457887
202412,14,14020000,3,30,S43002,061-642-1477,전라남도 여수시 신기북4길 11-1,(신기동),1,1,101,2,20100813,8468213,38280303.98,21791580,0,243,34.76483565,127.6713055
202412,09,09070000,3,30,S43101,031-664-1377,경기도 평택시 탄현1로 160,(신장동) B102호,1,1,101,1,20090914,18375694,7699900.28,0,10663620,332,37.07418182,127.0538997
202412,13,13060000,3,30,S43201,063-543-1377,전라북도 김제시 금성로 93, (신풍동),1,1,101,1,20090724,2689940,0.0,0,0,1,35.79970758,126.9004396
202412,09,09100002,3,30,S43301,031-902-1377,경기도 고양시 일산동구 호수로446번길 55, (백석동),1,3,102,2,20091103,65218540,63340268.42,0,1065000,520,37.64603119,126.7801025
202412,13,13000700,3,30,S43401,063-561-1378,전라북도 고창군 전봉준로 96 푸드마켓(고창읍 율계리),고창푸드마켓,1,1,101,1,20100909,924100,3646664.57,0,1612498,438,35.44355659,126.6826268
202412,11,11020000,3,30,S43501,043-855-3011,충청북도 충주시 사직산21길 34, (문화동) 복합복지관 지하1층,1,1,101,1,20100122,15439520,101261147.5,87043268,0,238,36.97086234,127.9280544
202412,05,05000001,3,30,S43801,032-777-0377,인천광역시 중구 홍예문로 77, (전동17-38),1,3,301,2,20100120,20151160,63773571.11,32321381,7946524,552,37.47641067,126.627975
202412,07,07000004,3,30,S43901,042-935-1377,대전광역시 유성구 봉산로36번길 1, (봉산동),1,1,105,2,20090818,270107468,22449862.63,6154865,979488,561,36.43697223,127.3868907
202412,07,07000002,3,30,S44001,042-256-1377,대전광역시 중구 보문로 142, (대사동),1,1,101,2,20090910,3462200,21676570.56,12839339,0,717,36.31600567,127.4271383
202412,07,07000004,3,30,S44101,042-826-6377,대전광역시 유성구 유성대로730번길 51,(장대동),1,1,101,2,20100128,26403089,28207959.56,22952181,10740094,641,36.3581193,127.3354123
202412,09,09220000,3,20,S45601,031-652-5085,경기도 안성시 공도읍 진사길 79-17,(진사리),1,4,402,2,20100428,51852613,30213563.1,5039587,19846836,480,36.9909801,127.1448032
202412,05,05000005,3,30,S45701,032-463-1377,인천광역시 남동구 인주대로 854, (만수동) 1층 푸드마켓,1,3,301,2,20100430,13948664,25495131.75,45134360,12804816,640,37.44813858,126.7321856
202412,05,05000006,3,30,S45801,032-426-1377,인천 부평구 부개동,120-78,1,3,303,2,20100512,148460938,55251599.5,51210673,93482825,492,37.48484294,126.7369029
202412,05,05000003,3,30,S45901,032-875-1377,인천광역시 미추홀구 장고개로42번길 30,1층 (도화동),1,1,101,2,20100524,21334130,34734332.27,28947214,9539199,554,37.47056884,126.6686374
202412,05,05000004,3,30,S46001,032-817-1377,인천광역시 연수구 비류대로519번길 3-2, (선학동) 1층 연수구푸드마켓1호점,1,3,303,2,20100511,20070310,38913948.74,29560752,22915631,639,37.42336314,126.6921783
202412,05,05000004,3,30,S46101,032-834-2377,인천광역시 연수구 청량로184번길 17," (옥련동, 휴빌리지) 102호",1,4,402,2,20100514,86051466,135990056.7,60779451,3845892,607,37.42395482,126.653435
202412,05,05000008,3,30,S46201,032-584-1377,인천광역시 서구 거북로 124, (석남동),1,1,101,2,20100430,36256083,43728046.47,33617377,22665968,471,37.50286873,126.6754739
202412,05,05000006,3,30,S46301,032-511-1377,인천광역시 부평구 경원대로1367번길 18, (부평동),1,1,103,2,20100429,16439426,69178164.73,69068677,2728718,455,37.49207025,126.7209568
202412,05,05000003,3,30,S46401,032-889-1377,인천광역시 미추홀구 인주대로 127, (용현동,1,4,402,2,20091230,31481732,4006449.45,35033620,6519743,123,37.45675008,126.6512588
202412,05,05000005,3,30,S46501,032-431-1377,인천광역시 남동구 구월로137번길 59,(간석동) 가나빌딩 1층,1,4,402,2,20100426,14840170,35419876.33,61380529,18855764,603,37.45959521,126.7053844
202412,05,05000008,3,30,S46601,032-576-1377,인천광역시 서구 간촌로 35-12,1층 서구푸드마켓1호점,1,4,402,2,20100426,14937070,40256575.42,36990913,0,388,37.55010553,126.6811563
202412,06,06000005,3,20,S46701,062-941-1377,광주광역시 광산구 풍영로101번안길 15-9, (흑석동)102호,1,1,101,2,20100617,54789848,80157017.11,24804445,0,191,35.18084709,126.8097451
202412,09,09040001,3,20,S46801,031-442-8488,경기도 안양시 만안구 관악대로 5,지하층 (안양동),1,1,103,2,20100609,75306792,75938061.08,29179857,0,264,37.39477276,126.9258292
202412,04,04000004,3,30,S47001,053-473-1377,대구 남구 봉덕1동,739-1,1,1,101,1,20100629,3463670,40299671.2,31539823,0,526,35.8452828,128.5964149
202412,04,04000005,3,30,S47101,053-954-1377,대구광역시 북구 대구체육관로 28, (산격동),1,1,101,2,20100708,100482111,47337887.31,6540425,0,497,35.89165715,128.6026658
202412,04,04000005,3,30,S47201,053-321-1377,대구광역시 북구 관음동로9길 10-25, (관음동),1,1,101,2,20100708,6133898,28099450.1,11472576,0,361,35.93782373,128.5455761
202412,04,04000100,3,30,S47301,053-588-1375,대구 달성군 다사읍 매곡리,1531-8,1,1,101,1,20100720,1894527,38000063.97,9074219,1894519,575,35.85875788,128.4514159
202412,09,09210000,3,30,S47401,031-638-1375,경기도 이천시 경충대로2638번길 35, (중리동),1,3,301,2,20100528,57635511,79315421.29,42974494,3374906,613,37.27748632,127.4399789
202412,06,06000004,3,20,S47601,062-524-1377,광주광역시 북구 북문대로 70 ,(운암동),1,4,402,2,20100806,6420660,12963611.05,15809342,0,142,,
202412,02,02000014,3,30,S47701,02-703-1377,서울특별시 마포구 신촌로26길 10,"B1호 (노고산동, 우리마포복지관(대흥동주민센터))",1,1,102,2,20100806,57435376,51611443.94,11735309,8289293,650,37.55585899,126.9423208
202412,14,14001300,3,30,S47801,080-353-1377,전라남도 영광군 영광읍 옥당로 149,4층,1,1,101,1,20100817,15290565,38820211.18,28323504,8561520,388,35.27534884,126.5009773
202412,12,12000500,3,30,S48001,041-634-7377,충청남도 홍성군 홍성읍 홍성천길 114,1층,1,1,101,2,20100827,10698620,16052506.07,59587483,0,271,36.59813816,126.6632803
202412,11,11000600,3,20,S48101,043-832-3197,충북 괴산군 괴산읍 정용리,83-13,1,4,401,2,20100927,0,34085549.7,23477515,0,82,36.81559202,127.7605239
202412,03,03000007,3,30,S48201,051-638-1377,부산광역시 남구 못골로53번길 12-20, (대연동),1,1,101,2,20100929,14485728,38337835.5,24928473,4737099,613,35.13646692,129.088709
202412,09,09250000,3,20,S48301,031-8028-8906,경기도 광주시 광주대로 11-3,한솔빌딩 1층 (역동),1,4,401,2,20100625,193297328,163998894.7,26141700,286271875,373,37.40756396,127.2603687
202412,12,12060000,3,30,S48401,070-4177-1377,충청남도 논산시 관촉로277번길 23-13,(취암동) 행복드림센터  1층,1,4,402,2,20100930,178103618,39051670.63,60640529,13090920,136,36.20247589,127.0909728
202412,12,12030000,3,30,S48501,041-931-8502,충청남도 보령시 원동1길 95, (대천동) 보령복지센터 1층,1,1,101,1,20101001,7219687,28448590.44,28865861,13292185,200,36.35030449,126.6001732
202412,12,12030000,3,20,S48701,041-931-8502,충청남도 보령시 원동1길 95, (동대동) 보령복지센터 1층,1,1,101,1,20101007,5293000,35119907.89,46088532,18721870,399,36.35030449,126.6001732
202412,12,12000600,3,30,S48801,041-335-8700,충남 예산군 예산읍 예산리,550,1,3,301,1,20101011,11319260,21121259.65,928200,0,250,36.6813744,126.8448811
202412,08,08000100,3,30,S48901,052-244-1377,울산광역시 울주군 언양읍 동문길 51,1층 울주푸드뱅크마켓,1,1,103,2,20101012,77022040,101478789.7,22539779,0,1196,35.56644413,129.1250718
202412,03,03000001,3,30,S49001,051-463-1388,부산 중구 영주동,551-7,1,1,101,1,20101104,33144453,51758262.58,38807245,17328114,315,35.11186392,129.0319911
202412,16,16000900,3,20,S49201,055-942-7934,경남 거창군 마리면 하고리,68번지,1,1,101,2,20101210,9179713,50723366.9,23094112,0,344,35.68124027,127.8671121
202412,04,04000001,3,30,S49701,053-257-1377,대구광역시 중구 대봉로43안길 50-10, (대봉동) 1층 중구만나푸드마켓,1,1,101,2,20110706,11566451,16472554.09,33706995,0,447,35.85954452,128.5994756
202412,19,20010000,2,10,S49801,044-867-1376,세종특별자치시 연동면 연청로 745-86,9동,1,1,101,2,20110622,0,7264400.0,336961834,685637479,2,36.54787921,127.3512648
202412,17,17020000,3,30,S49901,064-733-1388,제주특별자치도 서귀포시 중앙로62번길 56, (서귀동),1,1,101,2,20110701,43271940,53327450.17,39384322,10368000,965,33.25302612,126.5644774
202412,09,09260000,3,30,S50001,031-861-1377,경기도 양주시 외미로64번길 35, (남방동),1,3,301,2,20110727,24252863,46354364.48,26742230,0,426,37.77277374,127.0440994
202412,03,03000010,3,30,S50101,051-262-1377,부산광역시 사하구 다대로 544 진요빌딩(다대동),204호,1,1,101,2,20110823,45620085,69872213.99,45265172,897897,634,35.05780489,128.9709806
202412,09,09050002,3,20,S50401,032-612-0124,경기도 부천시 하우로 319, (심곡본동) 1층,1,1,103,2,20110822,49133025,53392546.99,4259519,0,405,37.48197114,126.7837537
202412,07,07000001,3,30,S50601,042-286-1377,대전광역시 동구 동구청로203번길 1, (판암동),1,1,103,2,20111027,35624900,29887457.28,24158693,21514589,641,36.31586615,127.4561913
202412,03,03000005,3,30,S50701,051-853-1377,부산광역시 부산진구 중앙대로 882, (양정동),1,3,301,2,20111120,36756708,109362213.7,114817712,10749839,591,35.16924161,129.0685217
202412,09,09240000,3,30,S50801,031-8015-7400,경기도 화성시 여울로2길 33, (능동),1,1,101,1,20111121,15278849,21712948.25,0,0,272,37.20515496,127.0511657
202412,11,11000700,3,20,S50901,043-878-4312,충청북도 음성군 생극면 음성로1620번길 7,,1,4,403,2,20111125,825000,16473121.35,23514162,0,248,37.03257204,127.6086442
202412,09,09210000,3,20,S51001,031-637-1377,경기도 이천시 경충대로 2602, (중리동),1,3,301,2,20110418,17201700,46225137.14,32331701,3308267,268,37.27544833,127.4440197
202412,07,07000003,3,30,S51101,042-528-1377,대전광역시 서구 배재로 99-1, (도마동),1,1,103,2,20111208,12648260,20693428.61,17542774,0,625,36.31732339,127.3710408
202412,11,11000600,3,30,S51301,043-834-1377,충청북도 괴산군 괴산읍 임꺽정로 104,1층,1,1,101,1,20111216,0,9766750.54,35044216,9234267,210,36.81491827,127.7855567
202412,03,03000011,3,30,S51401,051-911-1377,부산 금정구 남산동,May-42,1,1,101,1,20120105,13830710,32674052.52,30138486,0,293,35.27165775,129.0922621
202412,03,03000004,3,30,S51501,051-405-1377,부산 영도구 동삼동,215-57 1층 영도구푸드마켓,1,1,101,2,20120105,8398503,11710272.23,32592138,0,421,35.07774842,129.0716393
202412,03,03000015,3,30,S51601,051-325-1399,부산광역시 사상구 동주로 6-9 ,(주례동),1,1,101,2,20120112,37124057,38974975.95,57158981,430000,485,35.14791225,128.9993408
202412,04,04000002,3,20,S51801,053-746-1377,대구광역시 동구 아양로 239(신암동),진명시니어카운티 B1,1,1,101,2,20120208,45061499,37864635.99,38080227,0,169,35.88703603,128.6388778
202412,11,11000800,3,20,S52101,043-421-3191,충북 단양군 대강면 장림리,149-2,1,1,104,2,20120417,0,16826455.62,13473223,0,530,36.92526901,128.3574476
202412,11,11010001,3,20,S53801,043-218-7991,충청북도 청주시 청원구 상리로17번길 27-40, (율량동),1,1,104,2,20120514,33872690,43497372.51,8416611,0,213,36.6668883,127.5117857
202412,09,09130000,3,20,S54101,031-564-1377,경기도 남양주시 의안로 182, (평내동)  상가2층,1,3,301,2,20120511,214897320,257567322.0,48855669,3192823,130,37.64485749,127.2429499
202412,06,06000002,3,20,S55301,062-371-1377,광주광역시 서구 화정로 87-1,시영종합사회복지관,1,1,102,2,20130213,0,9909778.86,21363989,0,304,35.14611204,126.8672426
202412,12,12010000,3,20,S55401,041-582-1388,충청남도 천안시 서북구 천안대로 1347 천안농산물도매시장(신당,청과물동 2층,1,1,101,2,20130222,14661641,68326468.42,25006816,0,492,36.86105386,127.1499685
202412,20,20010000,2,20,S55601,044-868-1311,세종특별자치시 조치원읍 터미널안길 60,6-2호,1,1,101,2,20130314,9099634,0.0,59187802,24484009,1,36.60153996,127.3031828
202412,11,11010001,3,20,S55701,043-256-3816,충청북도 청주시 상당구 상당로13번길 15(남문로1가),청주제일교회,1,1,104,1,20130315,2625000,16327486.12,9342711,0,289,36.6291115,127.4900318
202412,13,13000700,3,20,S56201,063-561-1378,전라북도 고창군 고창읍 전봉준로 88-15,,1,1,101,2,20130611,98928400,17412527.1,3231931,41990000,86,35.4447634,126.6836053
202412,06,06000004,3,20,S58001,062-525-1691,광주광역시 북구 당뫼로 12,(중흥동),1,4,402,2,20131113,18818000,35465767.91,27327713,0,239,35.16746708,126.9137468
202412,03,03000014,3,30,S58201,051-756-1925,부산광역시 수영구 연수로249번길 12-18, (망미동),1,1,103,2,20131210,9504345,31384341.27,21147805,0,341,35.17366007,129.0990076
202412,04,04000007,3,20,S58501,053-716-6123,대구광역시 달서구 문화회관3길 25(장기동), ,1,1,101,2,20140318,6655450,29998102.58,17065251,0,251,35.84716195,128.5214201
202412,11,11000700,3,20,S58601,043-877-9457,충청북도 음성군 삼성면 대성로 555,202호,1,4,401,2,20140418,15734493,81105446.78,77417562,3111889,426,37.01402895,127.4957801
202412,09,09090002,3,20,S58801,031-419-1377,경기도 안산시 단원구 신촌3길 28,(초지동),1,3,301,2,20140325,85100022,133147759.3,60052682,0,254,37.31399648,126.8188354
202412,11,11010001,3,20,S58901,043-221-7838,충청북도 청주시 상당구 문의면 두모1길 13-8,,1,4,401,2,20140528,27638932,61739723.76,27648392,0,286,36.51648347,127.4695482
202412,09,09220000,3,20,S59101,070-7788-1377,경기도 안성시 죽산면 죽주로 292-22,(죽산리),1,1,103,2,20140704,98213615,71856859.29,45932620,34820400,453,37.07509902,127.4280503
202412,12,12080000,3,20,S59501,041-355-5700,충청남도 당진시 정안로 16,(원당동),1,1,103,2,20150101,24914540,140642259.2,48697757,1696000,213,36.90709095,126.6462606
202412,07,07000004,3,20,S59701,042-935-6889,대전광역시 유성구 관들3길 77-30 ,(관평동),1,4,401,1,20150409,0,16857212.12,20359204,0,217,36.42385681,127.3904852
202412,12,12070000,3,20,S60801,042-551-9191,충청남도 계룡시 계룡대로 320 ,(금암동),1,1,101,2,20150708,34778500,72802480.11,29241740,10930632,419,36.27462904,127.2557158
202412,14,14010000,3,20,S60901,061-279-0954,전라남도 목포시 양을로 261-2 용당교회탁노소(용해동),목포예사랑나눔푸드뱅크,1,1,101,2,20150805,33608507,80599511.89,26647137,0,446,34.81259941,126.3983902
202412,14,14000900,3,20,S61201,061-535-1377,전라남도 해남군 서림길 5( 구교리),해남푸드뱅크,1,1,104,2,20150917,6603607,45760149.32,39156537,0,303,34.57424492,126.592778
202412,09,09070000,3,20,S61501,031-686-7553,경기도 평택시 안중읍 송담7길 14,(안중리),1,1,103,2,20150930,40465123,62438689.37,23711110,0,130,36.98336587,126.9298739
202412,04,04000002,3,20,S61601,053-755-1377,대구광역시 동구 송라로2길 17-6, (신천동),1,1,101,1,20151130,4388150,14534858.08,7868598,0,84,35.87021735,128.6213076
202412,09,09030000,3,20,S61701,031-826-0778,경기도 의정부시 흥선로24번길 10, (가능동),1,4,401,2,20151105,13883084,30979397.38,13232367,0,332,37.7458723,127.0305319
202412,08,08000004,3,20,S61801,052-289-9543,울산광역시 북구 송내11길 12, (화봉동),1,4,401,1,20160218,25126326,34240000.5,0,0,61,35.59099618,129.3624329
202412,09,09190001,3,20,S61901,031-339-1377,경기도 용인시 처인구 금령로71번길 8,중105호 (김량장동),1,1,103,2,20160308,145361766,135908622.1,11744481,21898331,511,37.23584478,127.204495
202412,09,09020001,3,20,S62001,031-754-0011,경기도 성남시 수정구 위례순환로 17,"(창곡동, 위례31단지) 3109동 에듀센터 1층",1,1,103,2,20160322,47194615,60242348.53,25888421,22438260,179,37.47220083,127.1333193
202412,15,15050000,3,20,S62101,054-441-1377,경상북도 구미시 봉곡동로2길 4, (봉곡동),1,4,401,2,20160425,61721029,112037068.3,55264865,0,189,36.15105618,128.315242
202412,09,09240000,3,20,S62401,031-8003-6004,경기도 화성시 동탄하나3길 7-5,(능동),1,4,401,2,20160510,81134408,276002864.6,37439794,0,279,37.2137418,127.0634279
202412,14,14000700,3,20,S62501,061-864-4804,전라남도 장흥군 장흥읍 흥성로 37-24,장흥엄마손기초푸드뱅크,1,1,101,2,20160616,4854127,5197855.15,0,0,283,34.67548542,126.9069599
202412,09,09040001,3,30,S62601,031-476-1365,경기도 안양시 만안구 장내로 113,카톨릭회관 별관 3층(안양동),1,1,101,2,20160425,10182760,14596427.51,0,0,235,37.39662125,126.9204884
202412,14,14000100,3,20,S62801,061-381-1376,전라남도 담양군 담양읍 죽향문화로 431-33,,1,1,102,2,20161117,22154800,22154799.03,0,0,615,35.33350275,126.9950288
202412,13,13000800,3,30,S63101,063-581-5723,전라북도 부안군 부안읍 번영로 97-1,부안행복나눔푸드마켓뱅크,1,3,301,2,20161227,10757906,40671833.51,86688993,1264100,387,35.72670591,126.7311774
202412,03,03000015,3,20,S63301,051-305-4286,부산광역시 사상구 모라로192번길 20-33," (모라동, 주공아파트3단지)",1,1,101,1,20170227,6830737,15157307.55,8210970,0,384,35.18372824,128.9993481
202412,09,09090002,3,20,S63501,070-5014-5855,경기도 안산시 상록구 원당골3길 6-1,102호(수암동),1,4,401,2,20170420,35740000,208356608.4,161108775,0,193,37.36228202,126.8798884
202412,16,16000700,3,20,S63701,055-973-8267,경상남도 산청군 산청읍 꽃봉산로 84,,1,3,301,2,20170525,6216980,9951299.89,8446320,0,118,35.41269183,127.8739299
202412,09,09120000,3,20,S63801,031-555-1243,경기도 구리시 검배로 154,"우남상가 102호 (토평동, 우남아파트)",1,4,402,2,20161017,2806181,22636054.01,21621456,0,206,37.59322647,127.1545172
202412,03,03000100,3,30,S63901,051-722-4006,부산광역시 기장군 기장읍 차성남로 28,1층 기장푸드마켓,1,1,103,1,20170609,1347400,54824742.31,23203987,0,331,35.24119241,129.2110454
202412,03,03000003,3,30,S64001,051-905-1378,부산광역시 동구 진성로 68, (수정동),1,3,301,2,20170609,0,34555667.83,41693572,0,259,35.13379009,129.0452864
202412,09,09190002,3,20,S64101,031-333-4646,경기도 용인시 기흥구 중부대로 242,오토허브C동 B101호(영덕동),1,3,301,2,20170502,147780830,120265562.4,0,54545520,330,37.26946876,127.0932438
202412,10,10000800,3,20,S64301,033-481-7733,강원도 양구군 양구읍 비봉로 61,,1,1,103,2,20170707,574800,12651776.08,18244588,0,361,38.10765694,127.986875
202412,04,04000007,3,30,S64501,053-652-5300,대구광역시 달서구 두류공원로50길 23," (두류동, 선빌파크타운)1층",1,1,101,2,20170814,1669432,24662182.99,27843299,0,416,35.85671463,128.5600293
202412,02,02000018,3,20,S64601,02-808-1671,서울특별시 금천구 시흥대로 97, (시흥동)BB10호,1,3,301,1,20170817,41310875,32196927.47,0,0,199,37.44468212,126.9010724
202412,03,03000013,3,30,S64701,051-714-1378,부산광역시 연제구 월드컵대로187번길 6, (거제동),1,1,103,1,20171023,2842197,24115564.92,26594570,0,222,35.18761596,129.0757753
202412,03,03000012,3,30,S64801,051-711-1378,부산광역시 강서구 공항로 1207, (대저1동),1,1,103,1,20171023,17105600,42968025.58,28661731,0,247,35.20814474,128.9807256
202412,07,07000003,3,20,S65001,042-535-0191,대전광역시 서구 변동로 91, (변동) 1층 2호,1,4,401,2,20180108,36371628,93476438.58,132217039,0,110,36.3243866,127.3830018
202412,09,09010004,3,20,S65101,031-212-1641,경기도 수원시 영통구 매봉로35번길 23-15,1층 (매탄동),1,4,401,2,20180119,129890224,128391833.0,29861000,31359400,198,37.27122121,127.0508981
202412,15,15030000,3,20,S65201,054-432-6009,경상북도 김천시 해오름1로 17,"404동 1602호(율곡동, 경북김천혁신엘에이치천년나무4단지)",1,4,401,2,20180312,18943850,56482629.98,12747342,0,902,36.12201609,128.1735947
202412,07,07000001,3,20,S65301,042-624-1377,대전광역시 동구 갱이길 49, (가양동 359-6),1,4,401,2,20180312,38228069,68593911.66,49260642,13720800,86,36.33690921,127.4423189
202412,02,02000016,3,20,S65401,02-2643-1377,서울특별시 강서구 양천로24가길 27,"103,104호 (방화동, 오누리빌)",1,1,103,1,20180320,14216200,36521303.32,22305104,0,17,37.57240647,126.8143136
202412,09,09210000,3,20,S65601,031-632-6066,경기도 이천시 서희로71번길 14,(창전동),1,4,401,2,20180312,112705700,102486166.7,44567944,144417000,160,37.28223676,127.4424424
202412,09,09210000,3,20,S65701,031-631-1377,경기도 이천시 마장면 서이천로 105-6,(이치리),1,1,104,2,20180417,121455077,87763379.16,65752198,82002357,394,37.24667253,127.3714767
202412,07,07000005,3,20,S65801,042-369-0191,대전광역시 대덕구 대전로1032번길 51, (오정동) 103호,1,4,401,2,20180709,229026117,281746419.8,178921423,85905576,26,36.34885054,127.4195118
202412,13,13010002,3,20,S65901,070-4940-6569,전라북도 전주시 덕진구 건산로 280, (우아동2가)1층,1,3,301,1,20180607,5484500,55652893.95,48004102,0,67,35.83549376,127.1676638
202412,05,05000006,3,20,S66101,032-511-1377,인천광역시 부평구 경원대로1367번길 18, (부평동),1,1,103,2,20180803,16133970,38812332.89,29323804,10091047,106,37.49207025,126.7209568
202412,10,10030000,3,20,S66401,033-644-8831,강원도 강릉시 구정면 구정중앙로 158-10,2층,1,3,301,2,20181123,7770419,16120063.06,31790217,0,386,37.71285451,128.8751881
202412,04,04000004,3,20,S66501,053-657-1170,대구광역시 남구 양지로 8, (대명동),1,1,101,1,20181128,9913151,18038680.59,6897822,0,85,35.85092983,128.5741256
202412,09,09250000,3,20,S66601,031-764-0091,경기도 광주시 곤지암읍 곤지암로11번길 8,205호(곤지암리),1,4,401,2,20181130,93290629,61613235.23,53974166,66280260,145,37.34838366,127.3448633
202412,16,16050000,3,20,S66701,055-311-9745,경상남도 김해시 평전로 3," (외동, 주공아파트) 103동 106호",1,1,101,1,20190102,2936606,24027128.85,28879967,0,79,,
202412,09,09270000,3,20,S66901,031-543-1377,경기도 포천시 소흘읍 송우로132번길 56,(송우리),1,4,401,2,20181226,21665435,52741011.7,12222348,10096413,217,37.83641149,127.1325197
202412,13,13010002,3,20,S67001,063-254-2758,전라북도 전주시 덕진구 사근1길 23-25, (송천동2가) 전주시중앙푸드뱅크,1,4,401,2,20190115,80771330,114271024.2,37791319,1809239,82,35.86913609,127.1307856
202412,07,07000001,3,20,S67101,042-623-5060,대전광역시 동구 태전로174번안길 20, (삼성동)1층,1,4,401,2,20190117,100106547,153637710.4,68142356,0,54,36.34378834,127.4185455
202412,17,17010000,3,20,S67201,064-751-1377,제주특별자치도 제주시 구좌읍 평대12길 15,동제주기초푸드뱅크,1,1,101,2,20190121,23352100,40520323.43,16869157,0,245,33.52301219,126.8487429
202412,13,13040000,3,20,S67301,063-531-0191,전라북도 정읍시 서부산업도로 302,(연지동)2층 202호,1,1,103,2,20190130,15073024,88226244.71,93032989,17040794,536,35.57500655,126.8436778
202412,09,09230000,3,20,S67501,031-997-1370,경기도 김포시 김포한강4로420번길 30, (구래동) 비즈나인지식산업센터 제12층 1220호,1,4,401,2,20190207,69327500,109116521.6,41983756,448000,225,37.65033474,126.6370587
202412,13,13000200,3,30,S67601,063-433-1415,전라북도 진안군 진안읍 관산2길 10,진안군사회복지협의회,1,1,101,1,20190319,2959000,13250728.23,33235220,0,203,35.7904138,127.4245959
202412,09,09190001,3,20,S67801,031-322-1377,경기도 용인시 처인구 경안천로 76,용인시실내체육관 1층(마평동),1,1,103,2,20190325,93057027,101248687.5,78041760,65744559,346,37.23853809,127.2135865
202412,12,12050000,3,20,S67901,041-688-1997,충청남도 서산시 효행7로 10-3, (동문동),1,1,101,1,20190412,0,39591842.57,4750341,0,9,36.77908736,126.4577619
202412,09,09240000,3,20,S68001,031-225-1377,경기도 화성시 병점중앙로 5-6,301호(능동),1,4,401,2,20190402,46305400,122658657.8,69636691,15735294,212,37.19949324,127.0443615
202412,09,09220000,3,20,S68201,031-674-1356,경기도 안성시 일죽면 금일로 93,(화봉리),1,3,301,2,20190521,130429185,214946554.0,108162184,24338776,1629,37.06052507,127.4754065
202412,09,09240000,3,20,S68301,031-355-1277,경기도 화성시 서신면 수풀오얏길 65-11,(장외리),1,4,401,2,20190520,183310870,143244914.6,43868284,70526700,252,37.17882658,126.6788083
202412,09,09100001,3,20,S68501,031-839-6000,경기도 고양시 덕양구 서정마을2로 13, (행신동),1,3,301,2,20190531,63292657,73459951.33,0,0,297,37.62138226,126.8471264
202412,09,09240000,3,20,S68601,031-613-1907,경기도 화성시 남여울3길 9-10, (능동),1,1,103,2,20190620,32933927,46623221.45,31162226,273400,261,37.19855356,127.0542566
202412,11,11000200,3,20,S68801,043-731-6231,충청북도 옥천군 옥천읍 응천1길 63-3,옥천나눔푸드뱅크,1,4,401,2,20190808,0,68091679.16,67930935,0,111,36.28694053,127.5730384
202412,09,09050001,3,20,S68901,032-661-0112,경기도 부천시 원미로 235, (춘의동),1,4,401,2,20190809,94517076,65272414.85,0,0,200,37.50333331,126.7942764
202412,15,15000500,3,20,S69001,054-730-6616,경상북도 영덕군 영덕읍 화개길 9-6,,1,3,301,2,20191107,9656600,25391081.05,13421221,0,49,36.41604655,129.3655736
202412,14,14001700,3,20,S69101,061-278-1129,전라남도 신안군 압해읍 구항길 92-23,,1,1,102,2,20191104,1201000,2546085.8,10485447,0,164,34.85554937,126.3154521
202412,07,07000002,3,20,S69201,042-825-9182,대전광역시 중구 당디로36번길 99, (문화동),1,1,103,2,20191209,19164470,74524146.65,38520497,0,95,36.31050487,127.398538
202412,05,05000001,3,20,S69301,032-221-0191,인천광역시 중구 참외전로152번길 5-1, (경동),1,1,103,2,20200121,53576302,26093962.6,22975176,0,219,37.47296613,126.6332808
202412,09,09010002,3,20,S69601,031-221-9004,경기도 수원시 권선구 새터로47번길 88, (세류동),1,4,402,2,20200330,46638545,97035397.49,50133470,0,160,37.25098074,127.008406
202412,02,02000007,3,30,S69801,02-6952-1376,서울특별시 중랑구 면목로 242, (면목동),1,1,101,1,20200427,65760160,64367591.03,46152428,0,1265,37.57442509,127.085347
202412,07,07000002,3,30,S70101,042-522-7100,대전광역시 중구 유천로 93,1층 (유천동),1,1,101,1,20200812,51360990,18001067.07,10665117,37851960,583,36.32079304,127.3962773
202412,09,09230000,3,20,S70301,031-987-8116,경기도 김포시 양촌읍 양곡4로 139,,0,1,103,2,20201202,0,22389649.0,0,0,179,37.66016805,126.6237018
202412,13,13040000,3,30,S70401,063-531-0191,전라북도 정읍시 명덕로 55, (연지동),1,1,103,1,20201201,13200000,17306301.55,17040794,3798800,322,35.57582649,126.845308
202412,13,13020000,3,20,S70501,063-451-5403,전라북도 군산시 서수면 하금길 37-1,,1,1,101,2,20201215,67833534,19613789.98,37055562,81060000,187,36.00472608,126.9049644
202412,13,13010001,3,20,S70601,063-286-0217,전북특별자치도 전주시 완산구 고덕산1길 139, (대성동),1,3,303,2,20201211,193402000,207369222.2,15391524,0,55,35.78771899,127.1796513
202412,14,14001200,3,20,S70701,061-324-1881,전라남도 함평군 함평읍 송정길 49-5,,1,3,301,1,20201211,6450000,48193756.72,23837862,0,975,35.03852641,126.4990153
202412,07,07000005,3,20,S70801,042-933-1377,대전광역시 대덕구 석봉로44번안길 14,(석봉동),1,3,303,1,20210330,972100,3177100.0,2205000,0,39,36.44401175,127.4274439
202412,14,14030000,3,30,S70901,061-746-8206,전라남도 순천시 우석로 130,1층,1,1,101,1,20210421,7076702,8912893.31,10350236,0,95,34.94027008,127.4886533
202412,10,10020000,3,20,S71101,033-764-9129,강원도 원주시 일산로82번길 36,(원동),1,1,103,2,20210707,50560067,86228514.8,23138214,0,161,37.34425931,127.9539542
202412,08,08000001,3,20,S71201,052-243-1377,울산광역시 중구 중앙길 199,(학산동),1,1,103,2,20210705,11559350,17351292.97,5905830,0,150,35.55745922,129.3240576
202412,10,10020000,3,20,S71301,033-734-0691,강원도 원주시 문막읍 동화택지길 9,,1,4,401,1,20211022,5594589,34133108.87,60574832,3884371,134,37.32350735,127.8306964
202412,13,13000500,3,20,S71401,063-644-4438,전라북도 임실군 임실읍 운수로 33-46,,1,1,101,1,20220101,1964200,10760321.39,6786512,0,257,35.61461976,127.2856974
202412,04,04000003,3,30,S71701,053-262-1377,대구광역시 서구 국채보상로 399,B동 (비산동),1,3,301,1,20211119,2459600,18130709.87,21672184,0,547,35.87227528,128.5747875
202412,12,12000600,3,20,S71801,041-332-5402,충청남도 예산군 삽교읍 삽교로3길 57,,1,1,101,1,20220125,8836600,0.0,0,0,1,36.69044837,126.7399734
202412,09,09090001,3,20,S71901,031-415-7890,경기도 안산시 상록구 삼태기1길 37,1층 (이동),1,3,301,2,20220217,190679570,45110351.14,15035488,113481330,146,37.30733074,126.845188
202412,12,12050000,3,30,S72001,041-665-1377,충청남도 서산시 효행7로 10-3,(동문동) 나동,1,1,101,1,20220314,1372800,9478631.27,59776373,1212000,323,36.77908736,126.4577619
202412,09,09240000,3,20,S72101,010-2405-1376,경기도 화성시 봉담읍 동화길 174,101호,1,4,401,1,20220210,36300200,34632301.31,0,0,98,37.21004965,126.9600965
202412,13,13010002,3,30,S72201,063-254-2758,전라북도 전주시 덕진구 솔내2길 76,101호 (송천동1가),1,4,401,1,20220418,60086662,61895901.48,1809239,0,356,35.85796222,127.1247191
202412,02,02000023,3,30,S72301,02-562-5377,서울특별시 강남구 자곡로11길 28,209동 1층 (자곡동),1,1,103,2,20220801,148918898,122822254.3,35895869,0,2095,37.47954139,127.1070565
202412,15,15000300,3,20,S72401,054-873-7447,경상북도 청송군 청송읍 주왕산로 7-282,청송군푸드뱅크,1,1,101,1,20220810,0,5607148.42,28961533,0,208,36.39944911,129.0728308
202412,13,13050000,3,20,S72501,063-631-0133,전라북도 남원시 요천로 1531,(죽항동) 초록빌 1층,1,1,101,1,20221020,4358000,20847355.43,16611120,0,50,35.40711238,127.3871481
202412,06,06000001,3,30,S72601,062-222-1377,광주광역시 동구 경양로223번길 14-31,(계림동),1,1,104,1,20221117,0,3253023.63,5371842,0,139,35.15899543,126.9171625
202412,11,11000800,3,20,S72701,043-422-1299,충청북도 단양군 단양읍 수변로 83,3층,1,1,101,1,20221201,0,0.0,9736649,0,1,36.98284295,128.3707501
202412,05,05000005,3,20,S72801,032-437-1377,인천광역시 남동구 경인로 744,105호 (간석동),1,1,103,2,20221206,36877260,74868895.64,38569324,2836336,151,37.47594833,126.709939
202412,14,14000300,3,20,S72901,061-781-7970,전라남도 구례군 구례읍 구례로 508,구례종합사회복지관 1층,1,3,302,1,20221227,2825450,3220259.88,12406848,0,102,35.20659381,127.469996
202412,14,14001500,3,20,S73001,061-554-1377,전라남도 완도군 완도읍 장보고대로 216,,1,1,103,1,20231102,0,21312102.64,15876096,0,80,34.31628426,126.7487851
202412,13,13010002,3,20,S73101,063-211-1678,전북특별자치도 전주시 덕진구 원장동길 90, (장동) 1층,1,1,103,1,20240605,5527350,24064687.4,59898239,0,35,35.84867086,127.0622109
